texture,fabric,shape,part,style
abstract                     ,acid                         ,a-line                       ,arrow collar                 ,americana                    
abstract chevron             ,acid wash                    ,ankle                        ,asymmetrical hem             ,angeles                      
abstract chevron print       ,applique                     ,asymmetric                   ,back bow                     ,art                          
abstract diamond             ,bead                         ,asymmetrical                 ,back cutout                  ,athletic                     
abstract floral              ,beaded                       ,baja                         ,back knit                    ,audrey                       
abstract floral print        ,beaded chiffon               ,bandage                      ,back lace                    ,babe                         
abstract geo                 ,beaded sheer                 ,beaded shift                 ,back striped                 ,babydoll                     
abstract geo print           ,bejeweled                    ,bermuda                      ,backless                     ,barbie                       
abstract paisley             ,bleach                       ,bib                          ,batwing                      ,baseball                     
abstract pattern             ,bleached                     ,big                          ,beaded collar                ,basic                        
abstract print               ,bleached denim               ,bodycon                      ,bell                         ,basquiat                     
abstract printed             ,brocade                      ,bodycon midi                 ,bell-sleeve                  ,beach                        
abstract stripe              ,burnout                      ,box                          ,belted                       ,beatles                      
animal                       ,cable                        ,box pleat                    ,belted chiffon               ,bed                          
animal print                 ,cable knit                   ,box-pleated                  ,belted floral                ,bella                        
bandana                      ,cable-knit                   ,boxy                         ,belted floral print          ,bike                         
bandana print                ,canvas                       ,boxy crop                    ,belted lace                  ,biker                        
baroque                      ,chambray                     ,boxy knit                    ,belted maxi                  ,blah                         
baroque print                ,chambray drawstring          ,boxy lace                    ,belted plaid                 ,blurred                      
bird                         ,chenille                     ,bustier                      ,boat neck                    ,boho                         
bird print                   ,chiffon                      ,caged                        ,bow                          ,bold                         
botanical                    ,chiffon lace                 ,cami                         ,bow-back                     ,boyfriend                    
botanical print              ,chiffon layered              ,cami crop                    ,bow-front                    ,brooklyn                     
boxy striped                 ,chiffon shirt                ,cami maxi                    ,boxy pocket                  ,brooklyn nets                
breton                       ,chino                        ,capri                        ,braided                      ,california                   
breton stripe                ,chunky                       ,cargo                        ,button                       ,camera                       
brushstroke                  ,chunky knit                  ,chiffon maxi                 ,button-front                 ,candy                        
brushstroke print            ,classic cotton               ,chiffon paneled              ,buttoned                     ,cardio                       
butterfly                    ,classic denim                ,chiffon pleated              ,cap-sleeve                   ,cat                          
butterfly print              ,classic knit                 ,chiffon shift                ,chiffon surplice             ,chic                         
camo                         ,classic woven                ,chiffon-paneled              ,cinched                      ,cities                       
camouflage                   ,clean                        ,classic fit                  ,classic crew                 ,city                         
checked                      ,clean wash                   ,classic skinny               ,classic crew neck            ,civil                        
checkered                    ,cloud                        ,combo                        ,classic pocket               ,classic                      
cheetah                      ,cloud wash                   ,combo maxi                   ,classic v-neck               ,coast                        
chevron                      ,coated                       ,cover-up                     ,collar                       ,coffee                       
chevron print                ,corduroy                     ,cozy                         ,collar lace                  ,cute                         
chiffon floral               ,cotton                       ,crepe shift                  ,collared                     ,dainty                       
circle                       ,cotton drawstring            ,crochet crop                 ,collarless                   ,daring                       
clashist                     ,cotton knit                  ,crochet maxi                 ,collarless faux              ,dark                         
classic striped              ,cotton-blend                 ,crochet-paneled              ,colorblock pocket            ,darling                      
colorblock                   ,crepe                        ,crop                         ,contrast                     ,defyant                      
colorblocked                 ,crepe woven                  ,cropped                      ,contrast trim                ,desert                       
crochet floral               ,crinkled                     ,cropped knit                 ,contrast-trimmed             ,destroyed                    
daisy                        ,crochet                      ,cut                          ,convertible                  ,devil                        
daisy print                  ,crochet embroidered          ,cutoff                       ,cowl                         ,doll                         
diamond                      ,crochet knit                 ,cutout                       ,cowl neck                    ,doodle                       
diamond print                ,crochet lace                 ,cutout maxi                  ,crew                         ,dream                        
ditsy                        ,crochet mesh                 ,cutout sheath                ,crew neck                    ,dreamcatcher                 
ditsy floral                 ,crochet overlay              ,denim pencil                 ,crisscross                   ,dreamer                      
ditsy floral print           ,crocheted                    ,denim shift                  ,crisscross-back              ,dynamite                     
dot                          ,crocheted lace               ,denim skater                 ,crochet fringe               ,eagle                        
dots                         ,cuffed denim                 ,distressed low-rise          ,crochet-trimmed              ,edge                         
dotted                       ,cutout lace                  ,distressed mid-rise          ,cross-back                   ,eiffel                       
embroidered floral           ,damask                       ,distressed skinny            ,crossback                    ,elegant                      
floral                       ,denim                        ,drapey                       ,cuffed                       ,enchanted                    
floral flutter               ,denim drawstring             ,embroidered fit              ,cuffed-sleeve                ,ethereal                     
floral paisley               ,denim shirt                  ,embroidered gauze peasant    ,curved                       ,everyday                     
floral pattern               ,denim utility                ,embroidered maxi             ,curved hem                   ,fan                          
floral print                 ,dip-dye                      ,embroidered peasant         ,cutout-back                  ,fancy                        
floral textured              ,dip-dyed                     ,embroidered shift            ,deep v-neck                  ,festive                      
floral-embroidered           ,distressed                   ,eyelet fit                   ,deep-v                       ,field                        
flower                       ,dye                          ,faux leather mini            ,dolman                       ,fisherman                    
foil                         ,elasticized                  ,faux leather moto            ,dolman sleeve                ,flawless                     
folk                         ,embellished                  ,faux leather paneled         ,dolman-sleeve                ,flirty                      
folk print                   ,embroidered                  ,faux leather pencil          ,dolphin                      ,floyd                        
geo                          ,embroidered gauze            ,faux leather skater          ,dolphin hem                  ,fox                          
geo pattern                  ,embroidered lace             ,faux leather varsity         ,double-breasted              ,france                       
geo print                    ,embroidered mesh             ,faux leather-paneled         ,drape-front                  ,free spirit                  
geo stripe                   ,embroidered woven            ,faux-wrap                    ,draped                       ,fresh                        
giraffe                      ,embroidery                   ,fit                          ,draped open-front            ,frida                        
giraffe print                ,eyelash                      ,fit flare                    ,draped shawl                 ,galaxy                       
graphic                      ,eyelash knit                 ,fit skinny                   ,draped surplice              ,garden                       
grid                         ,eyelash lace                 ,fitted                       ,drawstring                   ,garden party                 
grid print                   ,eyelet                       ,flare                        ,drop waist                   ,genuine                      
heart                        ,faded                        ,flared                       ,drop-sleeve                  ,girl                         
heart print                  ,fair                         ,floral lace mini             ,drop-waist                   ,girls                        
heathered stripe             ,fair isle                    ,floral lace sheath           ,dropped                      ,grunge                       
houndstooth                  ,faux                         ,floral lace skater           ,elephant                     ,guns                         
ikat                         ,faux fur                     ,floral maxi                  ,elephant print               ,halen                        
ikat print                   ,faux leather                 ,floral midi                  ,faux leather-trimmed         ,heat                         
kaleidoscope                 ,faux shearling               ,floral mini                  ,fitted v-neck                ,hepburn                      
kaleidoscope print           ,faux suede                   ,floral peasant               ,flat                         ,heroes                       
knit stripe                  ,feather                      ,floral pleated               ,flat front                   ,inset                        
knit striped                 ,floral knit                  ,floral print skater          ,flat-front                   ,internet                     
leaf                         ,floral lace                  ,floral shift                 ,floral print strapless       ,island                       
leaf print                   ,floral mesh                  ,floral skater                ,floral print surplice        ,isle                         
leave                        ,foulard                      ,flounce maxi                 ,floral surplice              ,joie                         
leopard                      ,frayed                       ,flowy                        ,flounce                      ,kahlo                        
leopard print                ,french                       ,fold-over                    ,flounced                     ,kid                          
linen                        ,french terry                 ,foldover                     ,fluted                       ,killin                       
linen-blend                  ,fur                          ,gaucho                       ,flutter                      ,kiss                         
mandala                      ,fuzzy                        ,gauze maxi                   ,flutter sleeve               ,kitty                        
mandala print                ,fuzzy knit                   ,gauze peasant                ,flutter-sleeve               ,la                           
marble                       ,gauze                        ,graphic muscle               ,fringe                       ,lady                         
marble print                 ,gauzy                        ,harem                        ,fringed                      ,lakers                       
marled                       ,gem                          ,high-low                     ,gathered waistline           ,laser                        
marled stripe                ,georgette                    ,high-rise                    ,graphic racerback            ,life                         
medallion                    ,gingham                      ,high-rise skinny             ,heathered v-neck             ,light                        
medallion print              ,glass                        ,knee-length                  ,hem                          ,lightning                    
mixed                        ,glitter                      ,knit longline                ,high-neck                    ,logo                         
mixed print                  ,heathered                    ,knit maxi                    ,high-slit                    ,lounge                       
mixed stripe                 ,heathered knit               ,knit mini                    ,high-slit maxi               ,love                         
mosaic                       ,herringbone                  ,knit pencil                  ,high-waist                   ,lover                        
mosaic print                 ,jacquard                     ,knit skater                  ,high-waisted                 ,loyal                        
multi-stripe                 ,knit                         ,knit trapeze                 ,hood                         ,luxe                         
nautical                     ,knit lace                    ,kurt                         ,hooded                       ,mandarin                     
nautical stripe              ,lace                         ,lace maxi                    ,hooded maxi                  ,map                          
nautical striped             ,lace layered                 ,lace midi                    ,hooded utility               ,marilyn                      
ombre                        ,lace mesh                    ,lace mini                    ,illusion                     ,marilyn monroe               
ornate                       ,lace overlay                 ,lace pencil                  ,illusion neckline            ,matelot                      
ornate paisley               ,lace panel                   ,lace sheath                  ,kangaroo                     ,meow                         
ornate print                 ,lace paneled                 ,lace shift                   ,kangaroo pocket              ,miami                        
paint                        ,lace pleated                 ,lace skater                  ,keyhole                      ,mickey                       
paint splatter               ,lace print                   ,leather mini                 ,knit open                    ,mickey mouse                 
painted                      ,lace sheer                   ,leather moto                 ,knit pocket                  ,mina                         
paisley                      ,lace-paneled                 ,leather pencil               ,knit raglan                  ,minnie                       
paisley print                ,lacy                         ,leather skater               ,knit shawl                   ,minnie mouse                 
palm                         ,lattice                      ,leather varsity              ,knit v-neck                  ,mirrored                     
palm print                   ,layered                      ,longline                     ,knotted                      ,mob                          
palm springs                ,leather                      ,longline shirt               ,lace peplum                  ,mod                          
palm tree                    ,leather paneled              ,low-rise                     ,lace sleeve                  ,modernist                    
pattern                      ,leather quilted              ,low-rise skinny              ,lace trim                    ,monroe                       
patterned                    ,leather-paneled              ,maxi                         ,lace-trim                    ,moon                         
pinstripe                    ,led                          ,medium                       ,lace-trimmed                 ,morning                      
pinstriped                   ,loop                         ,mid rise                     ,lace-up                      ,muse                         
polka dot                    ,loose                        ,mid rise skinny              ,ladder-back                  ,new york                     
pom-pom                      ,loose-knit                   ,mid-rise                     ,lapel                        ,night                        
print                        ,mesh                         ,mid-rise skinny              ,leather peplum               ,notorious                    
print shirt                  ,mesh overlay                 ,midi                         ,leather trimmed              ,ny                           
print woven                  ,mesh panel                   ,mini                         ,leather-trimmed              ,nyc                          
printed                      ,mesh paneled                 ,moto                         ,long sleeve                  ,oxford                       
ribbed stripe                ,mesh-paneled                 ,muscle                       ,long-sleeve                  ,pan                          
ringer                       ,metallic                     ,overlay sheath               ,long-sleeved                 ,paradise                     
rugby stripe                 ,mineral                      ,oversized                    ,m-slit                       ,paris                        
rugby striped                ,mineral wash                 ,peasant                      ,m-slit maxi                  ,party                        
sophisticated                ,neon                         ,pencil                       ,mesh racerback               ,performance                  
southwestern                 ,neoprene                     ,pleated skater               ,mesh-trimmed                 ,pineapple                    
southwestern-inspired        ,nets                         ,polo                         ,mock                         ,pink                         
southwestern-patterned       ,netted                       ,popover                      ,mock neck                    ,pizza                        
southwestern-print           ,nylon                        ,print shift                  ,mock-neck                    ,pj                           
speckled                     ,oil                          ,print skater                 ,neck ribbed                  ,please                       
splatter                     ,organza                      ,print smock                  ,neck skater                  ,popcorn                      
spotted                      ,origami                      ,print smocked                ,neck striped                 ,posh                         
stripe                       ,overlay                      ,print tulip                  ,neckline                     ,power                        
striped                      ,panel                        ,puffer                       ,notched collar               ,quirky                       
stripes                      ,paneled                      ,pullover                     ,off-the-shoulder             ,rad                          
structured                   ,patched                      ,raw                          ,one-button                   ,raga                         
tonal                        ,patchwork                    ,raw-cut                      ,one-shoulder                 ,rainbow                      
tribal                       ,perforated                   ,rise                         ,open-back                    ,rebel                        
tribal-inspired              ,pima                         ,rise skinny                  ,open-front                   ,red                          
two-tone                     ,pintuck                      ,rose skater                  ,open-knit                    ,refined                      
varsity-striped              ,pintuck pleated              ,round                        ,open-shoulder                ,regime                       
watercolor                   ,pintucked                    ,scuba skater                 ,peplum                       ,relaxed                      
zig                          ,plaid                        ,sheath                       ,pin                          ,retro                        
zigzag                       ,plaid shirt                  ,shift                        ,pocket                       ,reverse                      
,pleat                        ,shirt                        ,print racerback              ,reversible                   
,pleated                      ,skater                       ,print strapless              ,roll                         
,pleated woven                ,skinny                       ,print strappy                ,rolling                      
,pointelle                    ,skinny stretch               ,print surplice               ,rolling stones               
,ponte                        ,skort                        ,print v-neck                 ,roman                        
,print satin                  ,slim                         ,racerback                    ,rose                         
,print scuba                  ,slip                         ,raglan                       ,roses                        
,purl                         ,slouchy                      ,raglan sleeve                ,rugby                        
,quilted                      ,smock                        ,ruffle trim                  ,run                          
,rhinestone                   ,smocked                      ,scallop                      ,running                      
,rib                          ,square                       ,scalloped                    ,rustic                       
,rib-knit                     ,straight-leg                 ,scoop                        ,safari                       
,ribbed                       ,striped trapeze              ,scoop-neck                   ,sea                          
,ribbed-knit                  ,swing                        ,self-tie                     ,seaside                      
,ripped                       ,trapeze                      ,shawl                        ,shark                        
,ruched                       ,trouser                      ,shoulder                     ,shopping                     
,ruffle                       ,tube                         ,side slit                    ,shore                        
,ruffled                      ,tulip                        ,side-slit                    ,sky                          
,sateen                       ,tunic                        ,single-button                ,smart                        
,satin                        ,vertical                     ,sleeve                       ,smile                        
,scuba                        ,wide-leg                     ,sleeveless                   ,snap                         
,seam                         ,windbreaker                  ,slit                         ,snoopy                       
,seamless                     ,windowpane                   ,split                        ,soft                         
,seersucker                   ,wrap                         ,split-back                   ,solid                        
,semi-sheer                   ,,split-neck                   ,spirit                       
,sequin                       ,,strap                        ,spongebob                    
,sequined                     ,,strapless                    ,sporty                       
,shaggy                       ,,strapless tribal             ,springs                      
,shearling                    ,,strappy                      ,standout                     
,sheer                        ,,striped v-neck               ,star                         
,sheer-paneled                ,,surplice                     ,stars                        
,shirred                      ,,suspender                    ,studio                       
,shredded                     ,,t-back                       ,summer                       
,sleek                        ,,tassel                       ,sun                          
,slick                        ,,tasseled                     ,sunburst                     
,slub                         ,,tie-back                     ,sunflower                    
,slub-knit                    ,,tie-front                    ,surfer                       
,sparkling                    ,,tie-neck                     ,sweet                        
,stone                        ,,toggle                       ,sweetheart                   
,stone washed                 ,,topstitched                  ,swim                         
,stones                       ,,trim                         ,swiss                        
,stretch                      ,,trimmed                      ,taco                         
,stretch-knit                 ,,tulip-back                   ,tasmanian                    
,studded                      ,,turtle-neck                  ,texas                        
,suede                        ,,twist-front                  ,thermal                      
,tapestry                     ,,twisted                      ,tokyo                        
,tartan                       ,,two-button                   ,tower                        
,terry                        ,,v-back                       ,track                        
,textured                     ,,v-cut                        ,training                     
,textured woven               ,,v-neck                       ,tree                         
,tie-dye                      ,,vent                         ,trench                       
,tiered                       ,,vented hem                   ,triangle                     
,tile                         ,,y-back                       ,tropical                     
,tulle                        ,,zip                          ,trouble                      
,tweed                        ,,zip-front                    ,tupac                        
,twill                        ,,zip-pocket                   ,utility                      
,velvet                       ,,zip-up                       ,van                          
,velveteen                    ,,zipped                       ,varsity                      
,waffle                       ,,zipper                       ,venice                       
,wash                         ,,zippered                     ,voyager                      
,washed                       ,,,wake                         
,woven                        ,,,wave                         
,,,,weekend                      
,,,,west                         
,,,,wifey                        
,,,,wild                         
,,,,wildflower                   
,,,,woke                         
,,,,workout                      
,,,,yoga                         
,,,,yoke                         
,,,,york                         
,,,,youth                        
,,,,zeppelin                     
